<?xml version="1.0" encoding="utf-8" ?>
<dwsync>
<file name="Biryani-Black.ttf" server="s187373.gridserver.com//home/187373/domains/battlebots.themrmackay.com/html/" local="132040799929006545" remote="132055568060000000" Dst="2" />
<file name="Biryani-Bold.ttf" server="s187373.gridserver.com//home/187373/domains/battlebots.themrmackay.com/html/" local="132040799928727554" remote="132055568060000000" Dst="2" />
<file name="Biryani-ExtraBold.ttf" server="s187373.gridserver.com//home/187373/domains/battlebots.themrmackay.com/html/" local="132040799928866930" remote="132055568070000000" Dst="2" />
<file name="Biryani-ExtraLight.ttf" server="s187373.gridserver.com//home/187373/domains/battlebots.themrmackay.com/html/" local="132040799928168801" remote="132055568070000000" Dst="2" />
<file name="Biryani-Light.ttf" server="s187373.gridserver.com//home/187373/domains/battlebots.themrmackay.com/html/" local="132040799928308424" remote="132055568070000000" Dst="2" />
<file name="Biryani-Regular.ttf" server="s187373.gridserver.com//home/187373/domains/battlebots.themrmackay.com/html/" local="132040799928448279" remote="132055568080000000" Dst="2" />
<file name="Biryani-SemiBold.ttf" server="s187373.gridserver.com//home/187373/domains/battlebots.themrmackay.com/html/" local="132040799928587674" remote="132055568080000000" Dst="2" />
<file name="OFL.txt" server="s187373.gridserver.com//home/187373/domains/battlebots.themrmackay.com/html/" local="132040799928028874" remote="132055568080000000" Dst="2" />
</dwsync>